지점,영업시간,주소,전화번호,주소2
학동역 DT점,평일 06:30~22:00ㅣ주말/공휴일 07:30~22:00,서울시 강남구 학동로 211 1층  ,02-3444-9973,서울특별시강남구학동로2111층
차병원점,평일 07:00~18:00 | 토요일 07:00~15:00 | 일.공휴일 휴무,서울시 강남구 논현로 566 강남차병원1층  ,02-538-7615,서울특별시강남구논현로566강남차병원1층
강남대로점,"월-금 06:30-22:00 | 토-일,공휴일 08:00-22:00  ",서울시 서초구 강남대로 369 1층  ,02-588-5778,서울특별시서초구강남대로3691층
강남에스점,월-목 07:00-22:30 | 금 07:00-23:00 I 토 08:00-23:00 I 일 08:00~22:30 ,서울시 서초구 서초 1306-3호  ,02-593-5095,서울특별시서초구서초1306-3호
청담에스점,월-금 07:00~22:00 | 토 08:00~22:00| 일/공휴일 08:00~21:00,"서울시 강남구 압구정로 461 네이처포엠빌딩B108,109호  ",02-548-6052,"서울특별시강남구압구정로461네이처포엠빌딩B108,109호"
신사점,월-금 07:00~22:00 | 토 09:00~22:00| 일/공휴일 09:00~22:00,서울시 강남구 도산대로 126  ,02-548-2741,서울특별시강남구도산대로126
압구정역점,월-금 07:00~21:00 | 토 07:30~21:00 | 일/공휴일 08:00~21:00,서울시 강남구 논현로 842 압구정빌딩1층  ,02-544-6823,서울특별시강남구논현로842압구정빌딩1층
역삼점,월-금 07:00~22:00 | 토-일요일 08:00~22:00 ,"서울시 강남구 논현로 512  지상1,2층  ",02-569-8051,"서울특별시강남구논현로512지상1,2층"
양재스포타임점,"월-금 06:30~22:00 | 토 7:00~ 22:00  | 일, 공휴일 08:00~21:00",서울시 서초구 강남대로 213 24호 지하1층  ,02-578-6833,서울특별시서초구강남대로21324호지하1층
청담성당점,월-금 07:00~21:00 | 토 07:30~21:00 | 일/공휴일 08:00~21:00,서울시 강남구 삼성로 716 LEE76빌딩2층  ,02-542-2053,서울특별시강남구삼성로716LEE76빌딩2층
영동점,월-목 07:00~22:00 | 금 07:00~23:00 | 토 08:00~23:00 | 일/공휴일 09:00~22:00,서울 서초구 반포동 736-17 P빌딩 2층  ,02-3443-2096,서울특별시서초구반포동736-17P빌딩2층
도곡점,"월~금 06:30~22:00 |토,일, 공휴일 06:30~22:00","서울시 강남구 언주로 30길 10,112 현대비젼21 112호  ",02-572-2781,"서울특별시강남구언주로30길10,112현대비젼21112호"
영동고앞점,월-금 07:00~22:00 | 토 08:00~22:00 | 일/공휴일 08:00~22:00,"서울시 강남구 선릉로 749 1,2층  ",02-544-3794,"서울특별시강남구선릉로7491,2층"
압구정시티점,매일 08:00~22:00 | ,"서울시 강남구 도산대로49길 13 1층 17,18호  ",02-543-5922,"서울특별시강남구도산대로49길131층17,18호"
압구정로데오점,매일 08:00~22:00 | ,서울시 강남구 선릉로 157길 12 석전빌딩 1~4층  ,02-3445-5093,서울특별시강남구선릉로157길12석전빌딩1~4층
서초우성점,평일 07:00~22:00ㅣ토/일/공휴일 08:00~22:00,서울시 서초구 강남대로 51길 1 511 TOWER  1층  ,02-582-0158,서울특별시서초구강남대로51길1511TOWER1층
논현팍스타워점, 월-금 07:00~21:00 | 토 09:00~20:00 | 일 09:00-18:00I,서울시 강남구 논현 231-13호 팍스타워지하1층  ,02-513-3870,서울특별시강남구논현231-13호팍스타워지하1층
삼성오크우드점,평일 07:00~21:00 | 주말/공휴일 09:00~21:00,서울 강남구 영동대로 513 컨벤션별관A동 지하 2층  ,02-3466-8507,서울특별시강남구영동대로513컨벤션별관A동지하2층
트레이드타워점,평일 07:00~21:00  | 주말/공휴일 10:00~19:00 ,서울시 강남구 영동대로 511 트레이드타워 지하1층  ,02-6002-6470,서울특별시강남구영동대로511트레이드타워지하1층
삼성봉은사거리점,평일 07:00-22:00 | 주말/공휴일 08:00-22:00,"서울시 강남구 영동대로 607 1,2층  ",02-3443-5618,"서울특별시강남구영동대로6071,2층"
반포엘루체점,월-일 07:30~19:00  ,서울시 서초구 신반포로 23 1141호 엘루체백화점내1층1013~1015호  ,02-3477-5571,서울특별시서초구신반포로231141호엘루체백화점내1층1013~1015호
잠실신천점,월-금 07:00~22:00 | 토-일 07:00~22:00,서울시 송파구 석촌호수로 118 1층  ,02-416-9520,서울특별시송파구석촌호수로1181층
서초지파이브점,11월 11일 ~ 12월 8일까지 리뉴얼 공사,"서울시 서초구 서초동 1685-8호 101~2호,113~4호,121호  ",02-3477-5580,"서울특별시서초구서초동1685-8호101~2호,113~4호,121호"
논현동수면센터점,월-금 07:30~20:00 | 토 08:30~20:00 | 일/공휴일 09:30~17:00,서울시 강남구 논현로 717 1층  ,02-3443-5575,서울특별시강남구논현로7171층
삼성전자강남사옥점,월-금 07:00~16:00 | 토/일/공휴일 휴점,서울시 서초구 서초대로74길 11 지하2층  ,02-2055-1142,서울특별시서초구서초대로74길11지하2층
삼성생명강남사옥점,월-금 07:00~18:00 | 토/일/공휴일 휴점,서울시 서초구 서초대로74길 4 삼성생명보험서초타워내지하1층  ,02-581-5562,서울특별시서초구서초대로74길4삼성생명보험서초타워내지하1층
방배카페골목점,월-글 08:00~22:00 | 토/일/공휴일 08:00~22:00,서울특별시 서초구 방배중앙로 187  ,02-592-7794,서울특별시서초구방배중앙로187
역삼포스틸타워뒷점,"평일 07:00~21:00 | 토요일 08:00~22:00 | 일,공휴일 09:00~17:00 ",서울시 강남구 테헤란로 20길 10 쓰리엠타워1층  ,02-554-9962,서울특별시강남구테헤란로20길10쓰리엠타워1층
테헤란로하이닉스뒷점,평일 07:00~21:00 | 토요일 07:00~21:00 | 일요일 08:00~21:00 ,서울시 강남구 테헤란로 70길 12 1층  ,02-538-9927,서울특별시강남구테헤란로70길121층
삼성봉은사로점,"평일 07:00~21:00 | 주말,공휴일 07:00~21:00",서울시 강남구 봉은사로 628 엘슨빌딩1층  ,02-538-4523,서울특별시강남구봉은사로628엘슨빌딩1층
방이점,"월-목 06:30~23:00ㅣ금 06:30~24:00 l 토 07:00~24:00 ㅣ일,공휴일 07:00~23:00",서울시 송파구 오금로 11길 7  ,02-415-5561,서울특별시송파구오금로11길7
매봉역점,"평일 07:00~21:00 | 주말,공휴일 07:00~21:00 ",서울시 강남구 논현로 38길 42 418호  ,02-529-9947,서울특별시강남구논현로38길42418호
남부터미널역점,평일 07:00~21:00 | 토/일/공휴일 07:00~21:00,서울시 서초구 서초중앙로 43 로얄타워1층  ,02-523-3671,서울특별시서초구서초중앙로43로얄타워1층
강남역랭기지타워점,"월~금 07:00-21:00 | 토,일 07:30~21:00 ",서울시 강남구 테헤란로4길 28 826-28호 1층  ,02-563-3655,서울특별시강남구테헤란로4길28826-28호1층
도심공항타워점,"월 ~ 수 06:30~22:00 |목,금 06:30~23:00 | 주말, 공휴일 08:00~22:00",서울시 강남구 테헤란로87길 36 공항타워 1층  ,02-2016-5330,서울특별시강남구테헤란로87길36공항타워1층
청담카페점,월-금 07:00~22:00 | 토 07:30~22:00 | 일/공휴일 07:30~22:00,"서울시 강남구 도산대로 67길 7,파크빌딩 1층  ",02-514-5622,"서울특별시강남구도산대로67길7,파크빌딩1층"
광화문점,월-금 07:00~23:00 | 토요일 7:30~23:00 | 일/공휴일 09:00~23:00 | ,서울 종로구 서린동 136 센트리얼빌딩 1층  ,02-3210-2326,서울특별시종로구서린동136센트리얼빌딩1층
경희궁의아침점,월-금 07:00~21:00 | 주말/공휴일 09:00~21:00,서울시 종로구 새문안로3길 23 경희궁아침상가4단지105외  ,02-730-8896,서울특별시종로구새문안로3길23경희궁아침상가4단지105외
홍대역점,일~월 08:00 ~ 22:30 l 금~토 08:00 ~ 23:00,서울시 마포구 홍익로 6길 26  ,02-333-4278,서울특별시마포구홍익로6길26
순화점,월-금 07:00~23:00 | 주말/공휴일 09:00~22:00,서울시 중구 순화202  1-94 프레이저플레이스레지던스1층  ,02-2220-8198,서울특별시중구순화2021-94프레이저플레이스레지던스1층
종로관철동점,월-금 07:00~23:00 | 주말/공휴일 08:00~23:00 | ,"서울시 종로구 청계천로 83 11-4호 지하1,지상1~3층  ",02-738-5333,"서울특별시종로구청계천로8311-4호지하1,지상1~3층"
소공동삼화빌딩점,"월-금 07:00~21:30 | 토,일요일 08:00~22:00",서울 중구 남대문로7길 16 한컴빌딩 1층  ,02-753-8004,서울특별시중구남대문로7길16한컴빌딩1층
강변테크노마트점, 매일 10:00~21:00 | ,서울시 광진구 광나루로56길 85 테크노마트9층35호  ,02-3424-5480,서울특별시광진구광나루로56길85테크노마트9층35호
외대앞점," | 평일 07:00~22:00  | 주말,공휴일 07:30~22:00  | ",서울시 동대문구 이문로 106 1~3층  ,02-959-7750,서울특별시동대문구이문로1061~3층
고대안암역점," | 평일 07:00~23:00  | 주말,공휴일 07:00~23:00  |  ",서울시 성북구 개운사길8 101-3 1층  ,02-953-6652,서울특별시성북구개운사길8101-31층
순화동라마다호텔점,월-금 07:00~19:00 | 토/일/공휴일 휴점,서울시 중구 칠패로 27 151호  ,02-3789-3347,서울특별시중구칠패로27151호
세종문화회관옆점,월-금 07:00~22:00 | 토/일/공휴일 09:00~22:00,서울 종로구 새문안로 9길 25 1층  ,02-720-5561,서울특별시종로구새문안로9길251층
신촌점,평일 07:30~22:00 l 토/일/공휴일 08:00~22:00,서울시 서대문구 창천 18-26호 B1  ,02-363-5572,서울특별시서대문구창천18-26호B1
건대스타시티점, 월-금 07:00~22:00 | 토 08:00~22:00 | 일/공휴일 08:00~22:00,서울시 광진구 자양동 227-342호 롯데백화점 옆 더클래식500건물 1층  ,02-444-9861,서울특별시광진구자양동227-342호롯데백화점옆더클래식500건물1층
하나은행경복궁역점,월-금 07:00~22:00 | 주말/공휴일 09:00~22:00,"서울시 종로구 사직로 130,1 현대적선빌딩1층  ",02-733-5108,"서울특별시종로구사직로130,1현대적선빌딩1층"
중계동은행사거리점," | 평일 07:00~22:00  | 주말,공휴일 07:30~22:00 | ",서울시 노원구 한글비석로 263 1층  ,02-931-3055,서울특별시노원구한글비석로2631층
서울스퀘어점,"평일 07:00~21:30ㅣ토,일요일 10:00~21:00",서울시 중구 한강대로 416 지하1층  ,02-6456-8907,서울특별시중구한강대로416지하1층
목동점,매일 07:30 ~ 22:00,서울시 양천구 목동동로 293 현대41타워1층  ,02-2654-5981,서울특별시양천구목동동로293현대41타워1층
여의도34번지점,평일 06:30~18:00 | 주말/공휴일 휴점,서울 영등포구 국제금융로 52 심팩빌딩 1층  ,02-783-2043,서울특별시영등포구국제금융로52심팩빌딩1층
시흥홈플러스점,"매일 10:00~22:00 l 2,4째주 일요일 휴무( 홈플러스 휴무일)",서울시 금천구 시흥대로 201 1층  ,02-803-9994,서울특별시금천구시흥대로2011층
여의도순복음교회옆점,"월~금 07:00~22:00 주말,공휴일 08:00~22:00",서울시 영등포구 여의서로 43 한서리버파크2층  ,02-780-7758,서울특별시영등포구여의서로43한서리버파크2층
부산광복동점,월-목 10:00~21:00ㅣ금 10:00~22:00 ㅣ토 09:00~22:00ㅣ일 09:00~21:00,부산광역시 중구 창선동 2가 8-2  ,051-243-9105,부산광역시중구창선동2가8-2
인천구월동점,매일 07:00 ~ 22:00,"인천광역시 남동구 예술로 138 지상1,2층  ",032-421-3418,"인천광역시남동구예술로138지상1,2층"
대전탄방동점, 평일/주말 08:30~21:30,대전시 서구 문정로76 1층  ,042-471-9805,대전시서구문정로761층
일산웨스턴돔1호점,월-금 08:00~22:00 | 토요일 9:00~22:00 | 일/공휴일09:00~22:00,경기도 고양시 일산동구 정발산로 24 I동103~203호  ,031-931-5573,경기도고양시일산동구정발산로24I동103~203호
분당서현점,평일 07:00-22:30 l 주말 /공휴일 08:00-22:30,"경기도 성남시 분당구 분당로53번길 11 1층2,3호  ",031-705-8926,"경기도성남시분당구분당로53번길111층2,3호"
분당플라자점,평일 07:30-22:00 I 주말/공휴일 08:00-22:00,경기도 성남시 분당구 황새울로 326 서현빌딩상가내2층  ,031-705-3188,경기도성남시분당구황새울로326서현빌딩상가내2층
분당차병원점,"월-토 07:00~22:00ㅣ일,공휴일 08:00~22:00","경기도 성남시 분당구 야탑로65번길 16, 분당차병원 신관동 1층 101호(야탑동)  ",031-781-0471,"경기도성남시분당구야탑로65번길16,분당차병원신관동1층101호(야탑동)"
분당수내점,평일 7:30~22:00ㅣ주말 8:00~22:00 ,경기도 성남시 분당구 황새울로 214번길8 MSPlaza내1층  ,031-713-9937,경기도성남시분당구황새울로214번길8MSPlaza내1층
동탄라마다호텔점,월-금 08:00~22:00 I 주말 08:00~22:00,경기도 화성시 노작로 199 동탄라마다호텔107호~111호  ,031-8003-8374,경기도화성시노작로199동탄라마다호텔107호~111호
창원상남동점,평일 08:00~21:30  주말 09:00~21:30,경남 창원시 성산구 중앙대로 104 마이우스오피스텔 123호 207호  ,055-211-0737,경상남도창원시성산구중앙대로104마이우스오피스텔123호207호
청주지웰시티점,평일/주말 07:30~22:00 ,"충북 청주시 흥덕구 대농로 17 지웰시티몰 1층 124-1,125,126호  ",043-238-3151,"충청북도청주시흥덕구대농로17지웰시티몰1층124-1,125,126호"
무교CBTL점,월-금 10:00~22:00 | 주말/공휴일 12:00~21:00 ,서울 중구 세종대로 136 파이낸스빌딩 지하2층  ,070-4140-7003,서울특별시중구세종대로136파이낸스빌딩지하2층
국기원사거리점,"월-금 08:00~17:00 | 토 10:00~18:00 I 일,공휴일 휴점 ",서울시 강남구 테헤란로 8길 42 1층  ,02-552-7106 ,서울특별시강남구테헤란로8길421층
무교점,월-금 07:00~22:00 | 토요일 09:00~21:00 | 일/공휴일 09:00~21:00,"서울시 중구 태평로1 84호 SFC빌딩B1,1-4  ",02-753-2374,"서울특별시중구태평로184호SFC빌딩B1,1-4"
남대문점,월-금 07:00~21:00 | 토요일 09:00 ~16:00 일요일/공휴일 휴점 ,서울시 중구 후암로110 581호 서울시티타워1층  ,02-777-4217,서울특별시중구후암로110581호서울시티타워1층
올림픽플라자점,매일 09:00~21:00,서울시 송파구 양재대로 1222 올림픽선수A 1층212~3호  ,02-402-3571,서울특별시송파구양재대로1222올림픽선수A1층212~3호
대학로마로니에점," | 월~목 08:30~22:00 | 금 08:30~23:00 | 토 09:00~23:00 | 일, 공휴일 09:00~22:00 | ","서울시 종로구 대학로 12길 62 지하1층,지상1,2층  ",02-742-3318,"서울특별시종로구대학로12길62지하1층,지상1,2층"
인사점,월-금 07:00~22:30 | 토요일 07:00~22:30 | 일/공휴일 07:00~22:30,서울시 종로구 낙원동 272 오라카이스위츠 1층  ,02-6262-8100,서울특별시종로구낙원동272오라카이스위츠1층
테헤란로비젼타워점,"월-금 07:00~21:00 | 토요일 10:00~18:00 I 일요일,공휴일 휴점",서울시 강남구 테헤란로 312 707-2번지1층  ,02-558-7101,서울특별시강남구테헤란로312707-2번지1층
서울대입구역점," I 평일 07:00~22:00 I 주말,공휴일 08:00~22:00 I ","서울시 관악구 관악로 161 층일부 2,3층  ",02-882-3101,"서울특별시관악구관악로161층일부2,3층"
코엑스인터점,평일 07:00~21:00ㅣ주말/공휴일 07:00~21:00,서울시 강남구 봉은사로 524 코엑스 인터컨티넨탈아케이드  ,02-569-3103,서울특별시강남구봉은사로524코엑스인터컨티넨탈아케이드
뉴압구정점,월-금 07:00~22:00 | 토 08:00~22:00 | 일/공휴일 08:00~22:00,서울시 강남구 논현로 167길 9 낙산프라자 1층  ,02-545-3181,서울특별시강남구논현로167길9낙산프라자1층
디큐브시티점, I 월-일 11:00~22:30 I,서울시 구로구 경인로 662 디큐브시티 4층  ,02-2210-9484,서울특별시구로구경인로662디큐브시티4층
현대자동차여의도점,"월 ~금 06:30~21:00 주말,공휴일 07:30~22:00",서울시 영등포구 국제금융로 20 1층  ,02-783-3391,서울특별시영등포구국제금융로201층
선릉로93길점,월-금 07:00~22:00 | 주말.공휴일 08:00~22:00,서울시 강남구 선릉로93길 6(역삼동) 1층  ,02-552-3177,서울특별시강남구선릉로93길6(역삼동)1층
강남역먹자골목점,월-금 07:30~23:00 | 토요일 08:00~23:00 | 일/공휴일 08:00~23:00,서울시 강남구 테헤란로1길 29 1층일부 및 2.3층  ,02-552-6311,서울특별시강남구테헤란로1길291층일부및2.3층
삼성로점,"월~수 07:00 - 22:00 | 목,금 07:00 - 23:00| 토,일,공휴일 08:00 - 22:00","서울시 강남구 삼성로 551 1층,2층  ",02-552-9311 ,"서울특별시강남구삼성로5511층,2층"
선릉로86길점,"월-금 7:30~22:00 | 주말,공휴일 8:00-21:00 ",서울시 강남구 선릉로86길 11  ,02-2051-8875,서울특별시강남구선릉로86길11
안국역점,월-금 07:00~23:00 | 토요일 08:00~23:00 l 일요일/공휴일 08:00~22:00,"서울시 종로구 율곡로 47 1,2층  ",02-722-3356 ,"서울특별시종로구율곡로471,2층"
뉴교보타워옆점,"월-금 07:00~22:00 | 토,일 07:00~22:00 ","서울시 서초구 강남대로 449-3 알고코리아빌딩 1,2층  ",02-591-5177,"서울특별시서초구강남대로449-3알고코리아빌딩1,2층"
IFC MALL2호점,"월 ~금 06:30~22:00 l 주말,공휴일 07:30~22:00 ",서울시 영등포구 국제금융로10 IFC Mall L2  ,02-6137-5054  ,서울특별시영등포구국제금융로10IFCMallL2
상암SBS미디어센터점,평일 07:00~21:00 | 토/일/공휴일 08:30~20:00,서울시 마포구 상암산로 82 SBS프리즘타워 1층  ,02-2039-9027 ,서울특별시마포구상암산로82SBS프리즘타워1층
마리오아울렛점,매일: 10:30~21:00 ,서울시 금천구 디지털로9길 23 마리오-2관 패션타워3층  ,02-857-5501  ,서울특별시금천구디지털로9길23마리오-2관패션타워3층
현대자동차남양연구소점,평일 : 06:30 ~ 18:30 / 주말(공휴일) : 휴무,경기도 화성시 장덕동 현대연구소로150 현대자동차남양연구소 설계1동1F  ,031-357-8103 ,경기도화성시장덕동현대연구소로150현대자동차남양연구소설계1동1F
뉴가로수길점,월-목 07:00~21:00 | 금 07:00~21:30 | 토 07:30~21:30 | 일/공휴일 07:30~21:00,서울시 강남구 가로수길 83  ,02-544-7105,서울특별시강남구가로수길83
서초뱅뱅사거리점,"월~금 07:00~22:00 | 토,일/공휴일 08:00~21:00","서울시 서초구 강남대로 267 2,3층  ",02-523-8841 ,"서울특별시서초구강남대로2672,3층"
현대자동차성내점,"평일 07:00~22:00 | 주말,공휴일 07:30~22:00","서울시 강동구 천호대로 1096 1,2F  ",02-485-3361 ,"서울특별시강동구천호대로10961,2F"
수원인계점,월-금 08:00~22:00 | 주말/공휴일 08:00~22:00,경기도 수원시 팔달구 권광로 195 학산빌딩1층   ,031-233-5631,경기도수원시팔달구권광로195학산빌딩1층
판교아브뉴프랑점,평일 07:00-22:00 l주말/공휴일 07:00-22:00,경기도 성남시 분당구 동판교로177번길 25  ,031-8016-8131,경기도성남시분당구동판교로177번길25
일산원마운트점,월-금 09:00~22:00 | 토요일 10:00~22:00 | 일/공휴일 10:00~22:00,경기도 고양시 일산서구 한류월드로 300 원마운트스포츠몰 1층  ,031-961-6520,경기도고양시일산서구한류월드로300원마운트스포츠몰1층
남양연구소C1식당점,월-목요일 7:00~18:30 | 금요일 7:00~18:00 | 토-일/공휴일 휴점,경기 화성시 장덕동 현대연구소로150 현대자동차남양연구소 C1구역식당1F  ,031-357-8172,경기도화성시장덕동현대연구소로150현대자동차남양연구소C1구역식당1F
여의도교보증권카페점,평일 07:00~20:00  | 주말/공휴일 휴점,서울시 영등포구 의사당대로 97 교보증권빌딩 2층  ,02-785-8845,서울특별시영등포구의사당대로97교보증권빌딩2층
압구정현대아파트점,매일 08:00~21:00 | ,서울시 강남구 압구정로29길65 지하1층  ,02-518-3350,서울특별시강남구압구정로29길65지하1층
역삼역4번출구점,월-금 07:00~22:00 | 토요일 08:00~21:00 | 일/공휴일 09:00~18:00,서울시 강남구 테헤란로143 고운빌딩1층  ,02-508-1137,서울특별시강남구테헤란로143고운빌딩1층
부평문화의거리점,월-목 09:00~23:00 | 금 09:00 ~ 00:00/토 09:00~00:00 / 일 09:00 ~ 23:00,"인천광역시 부평구 시장로29 1,2층  ",032-507-9901,"인천광역시부평구시장로291,2층"
강남대로센터점,월-일 07:00~22:00 I ,서울시 강남구 강남대로442 흥국화재빌딩 2층   ,02-565-3345,서울특별시강남구강남대로442흥국화재빌딩2층
구로G-ValleyMall,월-금 07:00~22:00 | 주말/공휴일 10:00~20:00 I ,서울시 구로구 디지털로300 지밸리비즈플라자 2층  ,02-6344-3966,서울특별시구로구디지털로300지밸리비즈플라자2층
내방역7번출구유중아트점,월-금 07:00-21:00 | 토/일/공휴일 8:00-21:00 ,서울시 서초구 방배로178 유중아트센터1층  ,02-592-8861,서울특별시서초구방배로178유중아트센터1층
도심공항점,"평일 07:00~22:00ㅣ주말,공휴일 09:00~22:00",서울시 강남구 테헤란로87길22 도심공항터미널 지하1층  ,02-551-6456 ,서울특별시강남구테헤란로87길22도심공항터미널지하1층
타임스퀘어점,월-목 07:00~22:00 / 금 07:00~22:30 / 토 08:00~22:30 / 일 08:00~22:00,서울시 영등포구 영중로15 타임스퀘어 1층  ,02-2635-8830,서울특별시영등포구영중로15타임스퀘어1층
차병원사거리점,월-금 07:00~22:00 | 토-일요일 08:00~22:00 ,서울시 강남구 봉은사로207 KJ타워1층  ,02-542-8813,서울특별시강남구봉은사로207KJ타워1층
CBTL(커피빈)파르나스몰점,평일 07:00~22:00 | 주말/공휴일 08:00~22:00,서울시 강남구 테헤란로521 파르나스몰 지하1층  ,02-538-2008 ,서울특별시강남구테헤란로521파르나스몰지하1층
광화문역1번출구점,월-금 07:00~22:00 | 주말 10:00~21:00,서울시 종로구 새문안로5가길 7 1층 일부  ,02-723-3360,서울특별시종로구새문안로5가길71층일부
남양연구소PT동점,월-목 07:00~18:30ㅣ 금 07:00~18:00 I 주말/공휴일 휴무,경기도 화성시 장덕동 현대연구소로150 현대자동차남양연구소 PT동 1층  ,031-355-1346,경기도화성시장덕동현대연구소로150현대자동차남양연구소PT동1층
현대프리미엄아울렛김포점,평일&주말 10:00~21:00,경기 김포시 고촌읍 전호리 654번지 현대프리미엄아울렛김포3층 618호  ,031-8048-2618,경기도김포시고촌읍전호리654번지현대프리미엄아울렛김포3층618호
여의도신영증권별관점,"월 ~금 07:00~22:00  주말,공휴일 09:00~20:00",서울시 영등포구 국제금융로8길6 신영증권별관빌딩2층  ,02-782-1125,서울특별시영등포구국제금융로8길6신영증권별관빌딩2층
이태원제일기획옆점,평일 07:00~22:00 | 주말/공휴일 08:00~22:00,서울시 용산구 이태원로220(한남동) 1층  ,02-792-3560,서울특별시용산구이태원로220(한남동)1층
강남역GT타워옆점,"월-금 06:30~22:00 | 토 07:00~22:00 | 일 ,공휴일 07:00~21:00I",서울시 서초구 서초대로73길12 세계빌딩1층   ,02-592-0053,서울특별시서초구서초대로73길12세계빌딩1층
광교아브뉴프랑점,매일 08:00~22:00,"경기도 수원시 영통구 이의동 1332 광교아브뉴프랑 1층 A122,123호   ",031-216-9308,"경기도수원시영통구이의동1332광교아브뉴프랑1층A122,123호"
광장동대한제지점,월-금 07:00~22:00 | 토 07:30~22:00 | 일/공휴일 07:30~22:00,서울시 광진구 아차산로563(광장동) 대한제지빌딩 로비층  ,02-458-8166,서울특별시광진구아차산로563(광장동)대한제지빌딩로비층
신천역점,월-금 07:00~22:00 | 토 07:00~22:00 | 일 08:00~22:00,서울시 송파구 올림픽로100 효창타워1층  ,02-417-8851,서울특별시송파구올림픽로100효창타워1층
낙성대역점," 평일 08:00~20:00 | 주말, 공휴일 08:00~21:00 ","서울시 관악구 남부순환로1909 1,2층  ",02-875-3364,"서울특별시관악구남부순환로19091,2층"
인천공항탑승동130gate앞점,매일 08:00~16:30,인천광역시 중구 공항로272 인천국제공항탑승동3층 FB-C5-57  ,032-743-7213 ,인천광역시중구공항로272인천국제공항탑승동3층FB-C5-57
인천공항탑승동105gate앞점,매일 06:30~20:00,인천광역시 중구 공항로272 인천국제공항탑승동3층 FB-C5-68  ,032-743-7223,인천광역시중구공항로272인천국제공항탑승동3층FB-C5-68
석촌호수점," 월-목 07:00~22:00 | 금,토 07:00~22:00 | 공휴일 07:00~22:00 ",서울시 송파구 석촌호수로 222 제이타워 1층  ,02-415-1235,서울특별시송파구석촌호수로222제이타워1층
오목교역사거리점,월 ~금 07:00~22:00 토/일 08:00~22:00,"서울시 양천구 오목로 350 목동썬텍씨티빌딩 1층,2층  ",02-2653-8577 ,"서울특별시양천구오목로350목동썬텍씨티빌딩1층,2층"
을지로입구역점,"월-금 06:30~22:00 | 토요일 09:00~22:00 l 일,공휴일 09:00~22:00 ","서울시 중구 남대문로10길 6 1,2층   ",02-752-3348,"서울특별시중구남대문로10길61,2층"
이천하이닉스점,평일 06:30~23:00 | 토 09:00~19:00 | 일 09:00~19:00 | 공휴일 휴무,경기 이천시 부발읍 하이닉스반도체  ,031-8094-7013,경기도이천시부발읍하이닉스반도체
송도홈플러스점,"매일 10:00~22:00 / 2,4번째 일요일 11:00~22:00 ",인천광역시 연수구 송도국제대로 165(송도동) 홈플러스송도점1층  ,032-822-5905,인천광역시연수구송도국제대로165(송도동)홈플러스송도점1층
올림픽공원북2문앞점,"월-금 07:00~22:00 | 주말,공휴일 07:00~22:00",서울시 강동구 강동대로193 1층  ,02-471-2372,서울특별시강동구강동대로1931층
삼성역글라스타워뒷점,"평일 07:00~22:30ㅣ주말,공휴일 09:00~21:00",서울시 강남구 영동대로85길 9 (대치동) 서전빌딩1층  ,02-552-3363,서울특별시강남구영동대로85길9(대치동)서전빌딩1층
범계역로데오점,월-금 08:00~24:00 I 토/일/공휴일 08:00~24:00,경기도 안양시 동안구 평촌대로 223번길 41(호계동 1045-9) 2층  ,031-476-9082,경기도안양시동안구평촌대로223번길41(호계동1045-9)2층
포스코옆삼성로86길점,평일 07:00~21:00 | 주말/공휴일 :09:00~17:00,서울특별시 강남구 삼성로86길 11 거봉빌딩 1층  ,02-569-7501,서울특별시강남구삼성로86길11거봉빌딩1층
상암한국지역정보개발원점,평일 07:00~21:00 | 토일 09:00~21:00 | 공휴일 11:00~20:00,서울시 마포구 성암로301 KLID한국지역정보개발원 1층  ,02-376-9162,서울특별시마포구성암로301KLID한국지역정보개발원1층
분당정자점,평일/주말/공휴일 07:00-22:00,경기도 성남시 분당구 정자일로 227(정자동) 백궁지엔느주차전용빌딩 1층  ,031-786-1906,경기도성남시분당구정자일로227(정자동)백궁지엔느주차전용빌딩1층
신논현역점,월-금 07:00~21:00 | 토 08:00~21:00 | 일/공휴일 09:00~21:00,서울특별시 강남구 봉은사로108 글라스톤빌딩1층  ,02-569-9061,서울특별시강남구봉은사로108글라스톤빌딩1층
강서그랜드아이파크점,월 ~금 07:00~22:00 토/일 07:00~22:00 ,서울시 강서구 화곡6동 1095번지 1층  ,02-2699-7462,서울특별시강서구화곡6동1095번지1층
연대동문회관점,월-금 06:30~22:30 | 토요일 07:00~22:00 | 일/공휴일 08:00~22:00 ,"서울시 서대문구 대신동 50-5 1층,2층(B동)  ",02-362-8301,"서울특별시서대문구대신동50-51층,2층(B동)"
장안점," | 평일 08:00~21:30  | 주말,공휴일 08:00~21:30 | ","서울시 동대문구 장안동 372-1, 1층 일부 및 2층 전체  ",02-2249-9826,"서울특별시동대문구장안동372-1,1층일부및2층전체"
수원망포역점,월~금요일 07:00~23:00 I 토/일/공휴일 07:00~23:00 ,경기도 수원시 영통구 영통로 214번길 8 1층  ,031-273-8751,경기도수원시영통구영통로214번길81층
매헌역점,평일 07:30~22:00ㅣ주말 07:30~22:00,서울시 서초구 동산로 1  1층  ,02-2058-0921,서울특별시서초구동산로11층
문래동점,월 ~금 08:00~22:00 토/일 09:00~22:00 ,서울시 영등포구 문래동6가 5번지 1층  ,02-2069-3157,서울특별시영등포구문래동6가5번지1층
해운대점,일-목 08:00~21:30  금~토 08:00~23:00,부산시 해운대구 해운대 해변로277 다옴빌딩1층  ,051-746-8214,부산광역시해운대구해운대해변로277다옴빌딩1층
역삼동태광타워점,"월-금 07:00~21:00 | 토,일 공휴일 08:00~21:00 ",서울시 강남구 역삼동 718-20  태광타워 1층  ,02-569-9867,서울특별시강남구역삼동718-20태광타워1층
수지동천점,매일  08:00~22:00,경기 용인시 수지구 손곡로 95 송란빌딩 1층  ,031-896-9044,경기도용인시수지구손곡로95송란빌딩1층
파주운정홈플러스점,"평일 10:00~22:00ㅣ주말 10:00~22:00ㅣ공휴일 10:00~22:00 (둘째, 넷째 수요일 휴무) | 임시영업시간  ",경기도 파주시 청암로 17번길 17 1층  ,031-949-1408,경기도파주시청암로17번길171층
잠원논현역점,월-금 07:00~21:00 | 토 09:00~21:00 | 일/공휴일 09:00~21:00,서울시 서초구 신반포로47길 5 건물전체 1~3층  ,02-541-7404,서울특별시서초구신반포로47길5건물전체1~3층
천호역점,평일 07:30~22:00 ㅣ 주말 08:00~22:00,서울시 강동구 올림픽로 659 쌍용플래티넘리버 1층  ,02-488-5912,서울특별시강동구올림픽로659쌍용플래티넘리버1층
홍대역8번출구점,평일 11:00-22:00 I 주말 09:30-22:00,서울시 마포구 양화로18안길 7 2층  ,02-338-9463,서울특별시마포구양화로18안길72층
산본역점,"월-목,일 08:00~22:00 I 금-토 09:00~22:00",경기도 군포시 광정로58 1층 104호 및 2층  ,031-399-8812,경기도군포시광정로581층104호및2층
원주AK플라자점,월-목 10:30~20:00ㅣ금-일/공휴일 10:30~20:30 ,강원도 원주시 봉화로1 AK플라자원주점 1층  ,033-748-0631,강원도원주시봉화로1AK플라자원주점1층
화정중앙공원점,매일 08:00~23:00,경기도 고양시 덕양구 화신로260번길 26 동민프라자 1층 103~107호  ,031-979-9402,경기도고양시덕양구화신로260번길26동민프라자1층103~107호
강남역12번출구점,"월-금 07:00~21:00 | 토 07:00~21:00 | 일,공휴일 07:00~21:00",서울특별시 강남구 테헤란로 111 2층  ,02-569-5838,서울특별시강남구테헤란로1112층
서초부띠크모나코점,월-금 08:00~19:00 I 토-일 08:00~20:00,서울특별시 서초구 서초대로 397 부띠크모나코 1층  ,02-537-4662,서울특별시서초구서초대로397부띠크모나코1층
송파파크하비오점,"월-금 07:00~22:00 | 토,일/공휴일 08:30~22:00",서울특별시 송파구 송파대로 111 송파파크하비오 205동 1층 110-113  ,02-449-6881,서울특별시송파구송파대로111송파파크하비오205동1층110-113
문정역엠스테이트점," 평일 07:00~21:00ㅣ토요일 08:00~21:00ㅣ일,공휴일 08:00~21:00","서울특별시 송파구 법원로 114, 엠스테이트 B동 지하 1층, B145-147   ",02-6177-9080,"서울특별시송파구법원로114,엠스테이트B동지하1층,B145-147"
상봉역점," | 평일 07:00~22:00  | 주말,공휴일 08:00~22:00 | ",서울특별시 중랑구 망우로 291 1층  ,02-493-8902,서울특별시중랑구망우로2911층
강동경희대병원앞점,"평일 07:00-22:00 ㅣ 주말,공휴일 07:00-22:00",서울특별시 강동구 동남로 885 양지빌딩 1층  ,02-481-9938,서울특별시강동구동남로885양지빌딩1층
노원역점," | 평일 07:00~22:00 | 주말, 공휴일  08:00~22:00 | ","서울시 노원구 노해로 490, 길빌딩 2층  ",02-952-9577,"서울특별시노원구노해로490,길빌딩2층"
종각역점," | 월-목 10:00~22:00 l 금,토 10:00~23:00 l 일,공휴일 10:00~22:00 l ",서울시 종로구 종로 70 2층  ,02-739-6268,서울특별시종로구종로702층
평택소사점,월-일  09:00 ~ 22:00,"경기도 평택시 평남로 862, 로이드빌딩 1층  ",031-692-2405,"경기도평택시평남로862,로이드빌딩1층"
몽촌토성역점,평일 07:00~22:00ㅣ주말/공휴일 07:00~22:00,"서울시 송파구 방이동 44-2, 장은빌딩 1층  ",02-2141-0407,"서울특별시송파구방이동44-2,장은빌딩1층"
도곡동지오빌딩점,"월-금 07:00~21:00 | 토,일 08:00~21:00","서울특별시 강남구 도곡동 543-1, 지오빌딩 B1층  ",02-2058-3027,"서울특별시강남구도곡동543-1,지오빌딩B1층"
강북구청앞점," | 월~목 07:30~22:00  | 금,토 7:30~23:00  | 일,공휴일  07:30~22:00 l ","서울특별시 강북구 한천로 139길 25, 1층 일부 및 2층 (수유동 191-70)  ",02-994-8878,"서울특별시강북구한천로139길25,1층일부및2층(수유동191-70)"
송도트리플스트리트점,"월-목,일 08:00~22:00 / 금,토 08:00 ~ 22:30 "," 인천 연수구 송도과학로 16번길 33-4 D동 119호,207호  ",032-310-9644,"인천광역시연수구송도과학로16번길33-4D동119호,207호"
구의삼성쉐르빌점," | 평일 07:00~22:00  | 주말,공휴일 07:00~22:00 | ",서울특별시 광진구 구의강변로 106 삼성쉐르빌 1층  ,02-2201-8953,서울특별시광진구구의강변로106삼성쉐르빌1층
여의도SK증권빌딩점,월 ~금 06:30~22:30 토/일 09:00~21:00,서울특별시 영등포구 국제금융로8길31 여의도SK증권빌딩점 1층  ,02-6484-5150,서울특별시영등포구국제금융로8길31여의도SK증권빌딩점1층
현대시티몰가든파이브점,"월-목 10:30~20:30 | 금,토,일 10:30~21:00 ",서울특별시 송파구 충민로 66 가든파이브 라이프동 테크노관 1층  ,02-2673-2110,서울특별시송파구충민로66가든파이브라이프동테크노관1층
위례2차아이파크점,평일 08:00~21:00 | 주말/공휴일 08:00~21:00,서울시 송파구 위례광장로 230 위례2차 아이파크 B동 1층  ,02-449-9703,서울특별시송파구위례광장로230위례2차아이파크B동1층
한성대입구역점," | 평일 07:00~22:00  | 주말,공휴일 08:00~22:00 | ",서울특별시 성북구 삼선교로 12 1층  ,02-766-7951,서울특별시성북구삼선교로121층
한티역디마크빌딩점,"평일 07:00~22:00ㅣ토요일 07:00~22:00 | 일요일,공휴일 08:00~22:00",서울특별시 강남구 도곡로 408 디마크빌딩 1층  ,02-2052-6590,서울특별시강남구도곡로408디마크빌딩1층
논현201-5번지점,월-금 07:00~22:00 | 토 08:00~21:00 | 일/공휴일 10:00~21:00,"서울특별시 강남구  강남대로112길 20 1층, 2층  ",02-541-9563,"서울특별시강남구강남대로112길201층,2층"
수원송죽DT점,매일 07:00-23:00,경기도 수원시 장안구 경수대로 989  ,031-248-6086,경기도수원시장안구경수대로989
동교동삼거리점,"평일,주말 08:00~21:00",서울특별시 마포구 양화로 196(동교동)  ,02-336-9198 ,서울특별시마포구양화로196(동교동)
성남신흥점,평일 07:30-22:00 I 주말/공휴일 08:00-22:00,경기도 성남시 수정구 수정로 190 (신흥동)  ,031-759-6675,경기도성남시수정구수정로190(신흥동)
응암동점 ,월-금 08:00~22:00 | 토요일 08:00~22:00 | 일/공휴일 09:00~22:00,"서울시 은평구 은평로 121(응암동), 메디컬빌딩  ",02-389-6283,"서울특별시은평구은평로121(응암동),메디컬빌딩"
양천향교역점,매일 07:00 - 21:00,서울특별시 강서구 강서로 457(마곡동)  ,02-3665-9506,서울특별시강서구강서로457(마곡동)
성균관대 자연과학캠퍼스점,월-금 07:00~21:00 | 토 09:00~17:00 | 일/공휴일 휴점,"경기 수원시 장안구 서부로 2066, 성균관대 자연과학 캠퍼스 N센터 1층  ",031-278-7640,"경기도수원시장안구서부로2066,성균관대자연과학캠퍼스N센터1층"
마곡마커스빌딩점 ,평일 07:00~22:00  주말 08:00~22:00,서울특별시 강서구 마곡동로 55 마커스빌딩 1층  ,02-6905-3030,서울특별시강서구마곡동로55마커스빌딩1층
방이역4번출구점,매일 07:00-22:00,서울 송파구 방이동 206-11  ,02-420-0386,서울특별시송파구방이동206-11
IFC MALL 3호점,사회적 거리두기 월 ~금 07:00~22:00 토/일 10:00~22:00 ,서울시 영등포구 국제금융로10 IFC Mall L2(2층)  ,02-6137-5056,서울특별시영등포구국제금융로10IFCMallL2(2층)
동탄능동DT점,매일 07:00~22:00,"경기도 화성시 능동 453-4,453-8,454-1 소재 건물(1~3층)  ",031-267-4182,"경기도화성시능동453-4,453-8,454-1소재건물(1~3층)"
수원인계DT점,월-금 07:00~22:00 I 토-일 07:00~22:00,경기도 수원시 팔달구 인계로79 (인계동)  ,031-898-8818,경기도수원시팔달구인계로79(인계동)
인천공항 제2여객터미널 입구점,매일 06:00~21:00,인천광역시 중구 운서동 2868 인천공항 제2터미널 1층 연번(23-124)  ,032-743-2894,인천광역시중구운서동2868인천공항제2터미널1층연번(23-124)
부산서면서전로점,평일/주말 09:30~21:00,"부산광역시 부산진구 서전로 12, 1층  ",051-819-8708,"부산광역시부산진구서전로12,1층"
분당차병원본관앞점,매일 07:00-22:00 ,경기도 성남시 분당구 야탑로64 DS타워 1층  ,031-8017-8243,경기도성남시분당구야탑로64DS타워1층
신용산역래미안점,월-금 07:00~22:00 | 토/일/공휴일 08:00~22:00,서울시 용산구 한강대로95  ,02-2074-1049,서울특별시용산구한강대로95
선릉역3번출구세방빌딩점,"월-금 07:00~21:00 | 주말,공휴일 08:00-21:00 ",서울특별시 강남구 선릉로 433 세방빌딩 1층  ,02-2051-9328,서울특별시강남구선릉로433세방빌딩1층
광명아브뉴프랑점,월-금 07:00~22:00 | 토/일/공휴일 07:00~22:00,경기도 광명시 양지로16 아브뉴프랑 지하 2층 (주)커피빈코리아 광명아브뉴프랑점  ,02-899-7460,경기도광명시양지로16아브뉴프랑지하2층(주)커피빈코리아광명아브뉴프랑점
새문안로점,월-목 07:00~22:00 | 금 08:00~22:00ㅣ토요일 08:00~22:00 ㅣ일요일 08:00~21:00,"서울특별시 종로구 새문안로 91 고려빌딩 1,2층   ",02-739-5806,"서울특별시종로구새문안로91고려빌딩1,2층"
문정동환인제약빌딩점,"평일 07:00~21:00ㅣ토요일 08:00~21:00ㅣ일,공휴일 08:00~21:00",서울특별시 송파구 법원로6길 11 환인빌딩 1층   ,02-449-9569,서울특별시송파구법원로6길11환인빌딩1층
경희대점," | 평일 08:30~21:00  | 주말,공휴일 09:00~21:00 | ",서울시 동대문구 경희대로 10 (회기동)  ,02-3295-4552,서울특별시동대문구경희대로10(회기동)
파주DT점,월-금 07:30~21:00 | 주말/공휴일 08:00~21:00,경기도 파주시 문발로 131  ,031-8070-0028,경기도파주시문발로131
창원시티세븐점,"평일, 주말 08:00~22:00","경상남도 창원시 성산구 원이대로 320, 더시티세븐S-105호(대원동)  ",055-600-5361,"경상남도창원시성산구원이대로320,더시티세븐S-105호(대원동)"
종로구청앞점,월-금 07:00~22:00 | 주말 09:00~22:00 ,서울특별시 종로구 종로3길 34  ,02-739-6151,서울특별시종로구종로3길34
상수역점,평일 08:00~20:00 주말/공휴일 09:00 ~ 21:30,"서울시 마포구 와우산로10길 3, 엘케이빌딩 1~3층  ",02-325-6804,"서울특별시마포구와우산로10길3,엘케이빌딩1~3층"
안양시청앞점,월-금 07:00~23:00 | 토08:00~23:00 ㅣ일/공휴일 08:00~22:00,"경기도 안양시 동안구 시민대로 260, 1층 104,105호  ",031-5177-4770,"경기도안양시동안구시민대로260,1층104,105호"
하남신세계백화점 B1점,월-목 10:30~20:00 ㅣ 금-일 10:30~21:00 ,"경기도 하남시 미사대로 750, 신세계백화점 지하1층 식품관  ",031-8072-1641,"경기도하남시미사대로750,신세계백화점지하1층식품관"
종로센트로폴리스점,월-금 07:00~23:00 | 주말/공휴일 08:00~22:00 |,"서울시 종로구 우정국로 26 센트로폴리스 1층 Retail 1-5,6  ",02-6370-5845,"서울특별시종로구우정국로26센트로폴리스1층Retail1-5,6"
잠실향군타워점,월-금 06:30~22:00 | 토요일 07:00~21:00 | 일/공휴일 08:00~21:00, 서울특별시 송파구 올림픽로35길 123 1층  ,02-412-8812,서울특별시송파구올림픽로35길1231층
부산서면점,일~목 08:00~22:00ㅣ금~토 08:00~23:00,부산 부산진구 서면로 62-1 에이스메디컬타워 1F  ,051-802-4282,부산부산진구서면로62-1에이스메디컬타워1F
영종도운서역점,매일 08:00 ~ 22:00,"인천시 중구 신도시남로 142번길 6 (메가스타 영종 139,140,141호)  ",032-746-9822,"인천시중구신도시남로142번길6(메가스타영종139,140,141호)"
동대입구역점,"월-목 07:00~22:30 | 금,토 07:00~23:00 | 일/공휴일 07:00~22:00  I","서울시 중구 장충동2가 188-11, 188-4, 188-5  ",02-2264-8247,"서울특별시중구장충동2가188-11,188-4,188-5"
해운대센텀호텔점,평일&주말 07:00~21:30,부산 해운대구 센텀3로 20 해운대센텀호텔 1F 101호  ,051-743-5088,부산해운대구센텀3로20해운대센텀호텔1F101호
교대법원점,월-금 07:30~21:00 | 토/일/공휴일 08:00~21:00,"서울 서초구 서초중앙로 156, 1층  ",02- 3664-7716  ,"서울특별시서초구서초중앙로156,1층"
부천북부역사거리점,주중 07:00~22:00 주말/공휴일 08:00~22:00 ,경기도 부천시 부천로25  ,032-655-8954,경기도부천시부천로25
부산남포역점,일~목 08:00~23:00ㅣ금~토 08:00~00:00,부산 중구 해관로 1 희남빌딩 1층  ,051-246-6284,부산중구해관로1희남빌딩1층
광주상무역점, 평일 07:30~21:00 ㅣ주말 08:00~21:00,"광주 서구 상무중앙로 9, 동양빌딩 1F  ",062-385-8371,"광주광역시서구상무중앙로9,동양빌딩1F"
김포장기DT점,매일 07:00~23:00,경기도 김포시 태장로 819  ,031-987-0409,경기도김포시태장로819
서초동점,평일 07:30~20:00 | 토/일/공휴일 08:00~21:00,서울특별시 서초구 반포대로70  ,02-3665-9507,서울특별시서초구반포대로70
남양주화도DT점," | 평일 07:00~22:00  | 주말,공휴일 08:00~22:00 | ",경기도 남양주시 경춘로 1641  ,031-591-2406,경기도남양주시경춘로1641
선정릉역점,"월-금 07:00~22:00 | 주말,공휴일 09:00~22:00 ",서울시 강남구 봉은사로 331 SH빌딩점 B1-1층  ,02-2058-3028,서울특별시강남구봉은사로331SH빌딩점B1-1층
화곡역점,매일 07:00~22:00  ,서울시 강서구 강서로 162  ,02-766-7952,서울특별시강서구강서로162
부천스타필드시티점,매일 10:00 ~ 22:00,경기도 부천시 옥길동 768 부천스타필드시티점 4층  ,02-6386-1423,경기도부천시옥길동768부천스타필드시티점4층
송도푸르지오월드마크점,매일 07:00~22:00 ,"인천시 연수구 컨벤시아대로 60, 1층  ",032-851-6269,"인천시연수구컨벤시아대로60,1층"
광주문화전당역점,일~목 08:00~22:30  금~토 08:00~00:00,광주광역시 동구 서남동 서석로 44 1층 ~ 2층  ,062-236-6591,광주광역시동구서남동서석로441층~2층
대구228공원앞점,월~목 08:30~22:00 ㅣ금 08:30~22:30ㅣ토 08:30~22:30ㅣ일 08:30~22:00, 대구광역시 중구 동성로3길 106  , 053-421-7436,대구광역시중구동성로3길106
삼성루첸타워점,"월-금 07:00~20:00 | 주말,공휴일 10:00~18:00",서울 강남구 대치동 943-2 루첸타워 1층 로비  ,02-994-8879,서울특별시강남구대치동943-2루첸타워1층로비
수원AK플라자점,월-일 10:30~22:00 I 공휴일 10:30~22:00,경기도 수원시 팔달구 덕영대로 924 AK플라자 4층  ,031-240-2246 ｜ 031-278-7641,경기도수원시팔달구덕영대로924AK플라자4층
하나은행을지로본점,월-금 06:30~19:00 | 토요일 휴점~휴점 | 일/공휴일 휴점~휴점,서울시 중구 을지로 35 하나은행 을지로본점 24F 내 스마트워크센터  ,02-338-9179,서울특별시중구을지로35하나은행을지로본점24F내스마트워크센터
선릉KSA한국표준협회점,월-금 07:00~21:00 | 토요일 07:00~21:00 | 일요일 08:00~21:00 ,서울시 강남구 테헤란로69길 5 DT센터점 1층  ,02-3141-7948,서울특별시강남구테헤란로69길5DT센터점1층
논현역6번출구앞점,월-금 07:00~22:00 | 토 08:00~22:00 | 일/공휴일 08:00~22:00,서울시 서초구 강남대로 563 페이토플라자 1층 ( 잠원동 37-1 )  ,02-755-3301,서울특별시서초구강남대로563페이토플라자1층(잠원동37-1)
이태원몬드리안호텔점,평일 08:00~22:30 | 주말/공휴일 08:00~22:30,서울시 용산구 장문로 23 몬드리안 서울 이태원호텔 101호  ,02-3775-0548,서울특별시용산구장문로23몬드리안서울이태원호텔101호
광주봉선점,평일/주말 07:00~22:00,광주광역시 남구 봉선로 168  ,062-671-3371,광주광역시남구봉선로168
KB국민은행노원역점," | 평일 07:00~21:00  | 주말,공휴일 08:00~21:00 | ","서울시 노원구 동일로 1405, 1층 일부  ",02-930-9486,"서울특별시노원구동일로1405,1층일부"
수서역원방빌딩점,"월-금 06:30~21:00 | 토,일,공휴일 07:00~21:00",서울 강남구 광평로 51길 6-23 원방테크사옥 1층  ,02-3473-3830,서울특별시강남구광평로51길6-23원방테크사옥1층
송파헬리오시티점,"07:00~21:00 | 토,일 07:00~21:00",서울시 송파구 송파대로 345 ( 헬리오시티상가 3블럭 A동 B1층 22호 )  ,02-777-3363,서울특별시송파구송파대로345(헬리오시티상가3블럭A동B1층22호)
청계천을지로점,평일 06:30~23:00ㅣ주말/공휴일 09:00~22:00,서울 중구 남대문로10길 33 1F  ,02-723-1771,서울특별시중구남대문로10길331F
서초중앙로점,평일 07:00~22:00 | 주말 08:00~22:00,"서울시 서초구 서초중앙로 209, 해성빌딩 1층  ",02-537-2992,"서울특별시서초구서초중앙로209,해성빌딩1층"
일산동구청점,평일 07:00~22:00ㅣ주말/공휴일 08:00~22:00  ,경기도 고양시 일산동구 정발산로 38  ,031-903-3989,경기도고양시일산동구정발산로38
부산화명수정역점,평일/주말 08:30~21:30,"부산광역시 북구 학사로 8  (화명동 2312), 크리스탈타워 2층 201~202호  ",051-361-3370,"부산광역시북구학사로8(화명동2312),크리스탈타워2층201~202호"
용인역북점,월-금 07:00~22:00ㅣ주말/공휴일 08:00~22:00 ,경기도 용인시 처인구 역북동 598-7   ,031-323-6886,경기도용인시처인구역북동598-7
부산중앙역점,"평일 07:30~21:00 | 주말,공휴일 09:00~21:00",부산광역시 중구 중앙대로 102 팬오션빌딩 1F  ,051-466-8856,부산광역시중구중앙대로102팬오션빌딩1F
천안신부동점,"평일, 주말 08:00~21:00 ",충남 천안시 동남구 만남로 48  ,041-566-0718,충청남도천안시동남구만남로48
제주아라점,매일 07:00~22:00,제주도 제주시 연북로 511  ,064-758-1194,제주특별자치도제주시연북로511
혜화역점," l 월~일,공휴일 08:00~23:00 l ",서울시 종로구 대명길 5  ,02-745-9471,서울특별시종로구대명길5
용인에버랜드점,매일  11:00 ~ 20:30,경기도 용인시 처인구 포곡읍 가실리 156-1 (파크내 홀랜드빌리지 옆 암스테르담)  ,031-334-0556,경기도용인시처인구포곡읍가실리156-1(파크내홀랜드빌리지옆암스테르담)
명동거리점,월~목 07:00~23:00 l 금 07:00~24:00 l 토 08:00~24:00 l 일 08:00~23:00 ,서울시 중구 명동 10길 52 명동역 신한은행 사옥 1층  ,02-522-7158,서울특별시중구명동10길52명동역신한은행사옥1층
안양LS타워점,평일 07:00 ~ 18:00 / 주말공휴일휴점,경기도 안양시 동안구 엘에스로 127 1층  ,031-429-9650,경기도안양시동안구엘에스로1271층
상암SBS프리즘타워점,"평일 07:30 ~ 19:00ㅣ주말,공휴일 휴점",서울 마포구 상암산로 82 SBS 프리즘 타워 1층 로비  ,02-562-9605,서울특별시마포구상암산로82SBS프리즘타워1층로비
용산아이파크몰점,평일/주말 08:00~22:00,"서울시 용산구 한강대로 23길 55, 아이파크몰 테이스트파크 7층  ",02-2012-0731,"서울특별시용산구한강대로23길55,아이파크몰테이스트파크7층"
이천하이닉스 행복마을점,평일 07:30~22:00 | 주말 09:00~19:00 | 공휴일 휴무,"경기도 이천시 대산로288번길 89, 행복1마을 복지A동 지하1층  ",031-638-7018,"경기도이천시대산로288번길89,행복1마을복지A동지하1층"
진주LH본사점,평일 08:00~18:00 / 토 10:00~18:00 / 일&공휴일 휴점,경남 진주시 충의로 19 LH진주사옥 공감동 1층  ,055-763-3520,경상남도진주시충의로19LH진주사옥공감동1층
하나금융명동사옥점,"평일 : 07:00~22:00 / 주말,공휴일 : 09:00~22:00 ",서울시 중구 을지로 66 하나은행 명동사옥 1층  ,02-539-5174,서울특별시중구을지로66하나은행명동사옥1층
제주애월DT점,평일/주말  07:00 ~ 22:00,제주도 제주시 애월읍 애월해안로 560  ,064-799-3670,제주특별자치도제주시애월읍애월해안로560
성균관대법학관점,"평일 08:00~20:00 | 토요일 09:00~17:00 | 일요일, 공휴일 휴점 |   ",서울시 종로구 성균관로 25-2 성균관대학교 법학관 B2  ,02-740-1958,서울특별시종로구성균관로25-2성균관대학교법학관B2
동탄타임테라스점,월-일  10:30 ~ 22:00,경기도 화성시 동탄중앙로220 타임테라스A 블록 1층 110호-1호  ,031-613-7684,경기도화성시동탄중앙로220타임테라스A블록1층110호-1호
